PayingAccountCodeID,Customer Name (RG),ExcludeSurcharge
HIT5,Torp Inc,0
PLU4,Cronin LLC,0
419400,Kutch - Watsica,0
TRI18,"Strosin, Doyle and Johnson",0
FAS14,Okuneva Group,0
HOM9,"Jenkins, Wuckert and Gislason",0
MYD1,"Bailey, Shanahan and White",0
BOC98,Kovacek Group,0
SAQA,Baumbach Inc,0
HIL11,"Hane, Mante and Roob",0
TMS60,"Bergstrom, Ankunding and Turner",0
COO10,"Roob, Brakus and Walter",0
BET13,Jacobi LLC,1
QMRCC,Smith - Franecki,0
ROW3,Gorczany - Connelly,0
COU12,Reynolds - Green,0
PALLET,"Anderson, Shanahan and Hand",1
FOR24,Runte Group,0
TIC2,Mayer - Schulist,0
FAR8,"Parker, Williamson and Sipes",0
LAU9,"Hartmann, Kassulke and Walsh",0
8317,Gorczany Group,1
LUX1,Hammes - Welch,0
BOC7,Goldner - Lynch,0
VAL16,Kulas - Cassin,0
BAM7,Wilkinson - Schoen,0
MAT7,Russel LLC,0
TMA2,"Crist, Marks and Johns",0
RIC3,"Champlin, Koch and Ferry",0
JON8,"Hackett, Hilll and Wolff",0
CYG1,Lowe - Bosco,0
YAM5,Bergnaum and Sons,0
IDE4,Klocko - Bogan,0
SAA2,Carroll and Sons,0
STO17,Hickle and Sons,0
QCRSB,"Gulgowski, Monahan and Bradtke",0
RED18,Hilpert - Wehner,0
ABB1,"Crona, Dietrich and Little",0
SCH32,Tromp - Berge,1
VNOPC,"Mills, Barrows and Jacobson",0
MEA5,"Smitham, Turner and Deckow",0
021C,Blanda - Morissette,1
BEA17,Ward - Dooley,0
BEL13,Lemke and Sons,0
CRE8,"Ritchie, Flatley and Morissette",0
REL7,Douglas LLC,0
LIN24,Stark - Gislason,0
ILS3,Bayer - Klein,0
SKE1,"Leannon, Bradtke and Goyette",0
8ST1,Leffler and Sons,0
SAF12,Beatty Group,0
DUL12,Abbott Inc,0
CAN15,Rosenbaum - Christiansen,0
ANI4,Kshlerin Group,0
SOU61,Marks LLC,0
tms88,"Fritsch, Dooley and Bernier",0
BEN10,"Prohaska, Shanahan and Paucek",0
FEL4,Bayer - Rohan,0
UTE2,Zieme - Stamm,0
SCH28,"Reichert, Douglas and Swift",1
BAY11,Brekke and Sons,0
FAS18,Dach and Sons,0
7542,"Kris, Sauer and Kiehn",1
TRU36,Kling Inc,0
GUA2,Langworth Group,0
EVA4,Graham - Ortiz,0
CAP15,"Cartwright, Shanahan and Von",0
AUS210,Johns and Sons,0
ASH6,"Metz, Mohr and Deckow",0
QHD2,Kling Group,0
TRU33,"Fadel, Rice and Schneider",0
MRS3,"Hilll, Zboncak and Morar",0
APE14,Kunze Inc,0
UNI39,O'Reilly LLC,0
BEX-IT,Abshire LLC,1
Mar-46,Stehr - Bartell,0
4614,Gislason Group,0
EVE17,"Bogan, Schneider and Koss",0
dia9,"Hills, Jacobs and Morissette",0
DEL15,"Breitenberg, Harber and Sauer",0
INT51,Leannon LLC,0
SUN12,Hessel - Bahringer,0
FDM1,Jast and Sons,0
THE62,Pollich - Schultz,0
SUL7,Pfannerstill Group,0
GHL1,Reynolds LLC,0
HAL10,Rippin and Sons,0
DRI7,"Parisian, Wiza and Armstrong",1
LIN25,"Hermiston, Feil and Braun",0
ILS1,MacGyver LLC,0
BUS9,"Feest, Legros and Mohr",0
CRY7,Buckridge - Halvorson,0
PDW2,Koepp - Feeney,0
JLG2,Littel - Hoppe,0
IPD2,Luettgen LLC,1
AUS206,Wiegand and Sons,0
SCBM,Steuber Inc,0
SBEVPUR,Miller LLC,0
520700,Dietrich - Jacobs,0
903600,Nicolas - Champlin,1
SOJ1,"Senger, Franecki and Klein",0
FLO13,"Vandervort, McKenzie and Beatty",0
GEO12,MacGyver - Rowe,1
SUP35,Bins - Hermiston,0
AUS208,Cassin LLC,0
EAS15,Wintheiser and Sons,1
TMS163,Roberts and Sons,0
SOU59,"Rowe, Bartoletti and Greenfelder",0
QMRCB,Zemlak and Sons,0
PAL5,"Hammes, Feil and Cummings",0
COU16,Harris - Thompson,0
COR13,Marks - Collins,0
WIS2,"Kunze, Bogisich and Jaskolski",0
ALT3045,Nolan Inc,1
3615,Terry - Hane,0
NOR17,"Murazik, Grant and Medhurst",0
KUE13,"McGlynn, Kulas and Bechtelar",1
PBA2,"Dach, Blanda and Hoeger",1
EFF64,Carter - Hand,0
GEN17,"Dibbert, Metz and Stehr",0
ROA6,King - Johnston,0
AQU16,Hagenes - Ebert,0
STY3,"Cummings, Stiedemann and Roob",0
GSL1,Mills - Hickle,0
DSV2,Koepp - Hickle,0
SUP36,Willms and Sons,0
PET18,Wehner LLC,0
PP-ALB,Ziemann - Farrell,0
SPI7,Beahan Inc,0
AUS189,Breitenberg - Gerlach,0
OZI1,"Feeney, Jacobi and Hintz",1
MCL4,Haley - Moen,0
BOC13,"Koelpin, Crooks and Kuphal",0
ILS2,Boehm LLC,0
QROCB,Jenkins - Bartoletti,0
FAS10,Rempel and Sons,0
ROA8,"Johnston, Swift and Gutkowski",0
CIA2,Legros and Sons,0
WOR17,Hane and Sons,0
MED12,Bradtke and Sons,0
FOR16,Turcotte - Champlin,0
LIG10,Oberbrunner - Reinger,0
HAG1,Olson Group,0
UES2,Bailey - Grant,0
RAV3,Block - Schiller,0
PRO84,Borer - Von,0
ALD7,Hammes Group,0
GOO8,Jerde - Keeling,0
YAM6,White - Towne,0
PGK1,Larson - Bednar,0
BLU11,Aufderhar - Bradtke,1
021E,Goldner - Weber,1
ROW2,"Schamberger, Altenwerth and Botsford",0
523500,"Crooks, Dooley and Will",0
1307,"Zulauf, Littel and Shanahan",1
BOC8,Feest - Jakubowski,0
GIB3,"Bradtke, Feest and Davis",0
CLA16,Gerhold - Trantow,0
YAM9,Haag Group,0
UPD1,Weissnat Inc,0
PIL1,"Pfeffer, DuBuque and Heathcote",1
B3M,"Satterfield, Stamm and Will",0
SOM1,Rutherford and Sons,0
VNOPB,Casper - Kub,0
MOT6,Hickle - Funk,0
COT2,Cole - Hilpert,0
STA26,Toy Inc,0
EFF83,Kirlin - Nitzsche,1
100300,Schamberger and Sons,0
LIN22,Beatty - Williamson,1
BOC59,Koch Inc,0
EFF32,Jakubowski Group,0
ROYA,Murazik Group,1
IMP14,Goyette Inc,0
SCH52,Runolfsson Group,1
MAC22,Bahringer - Towne,0
EFF87,"Nikolaus, Stroman and Ferry",0
MAD5,"Huel, Boyle and Hauck",0
PAC30,Wuckert Inc,0
7559,"Ledner, Schuppe and Kerluke",0
YAM7,Weimann - Waelchi,0
HVE1,"Towne, Nitzsche and Jacobs",0
SHA16,"VonRueden, Bogan and Weber",0
4748,"Schaden, Casper and Kozey",0
TRA31,"Hoeger, Hand and Reichert",0
GAR19,Langosh - Lind,0
ARWA,Yundt - Williamson,0
AUS168,Davis - Nicolas,0
REW4,Wisozk LLC,0
OPP3,Kemmer Group,0
NBERB,"Kessler, Schmeler and Volkman",0
SBEVC,Stehr and Sons,0
EVE16,"Wiegand, Crona and D'Amore",0
HAF2,Hand and Sons,0
VIV1,"Mraz, Green and Rippin",1
739300,"Bergstrom, Jacobi and Shanahan",0
UES4,"Kutch, Pfeffer and Herzog",0
DHL2,"Huel, Flatley and Aufderhar",0
CLE12,Grimes - Pagac,0
KWA2,"Reinger, Johns and Moore",0
CAR37,"Jakubowski, Kessler and Jerde",0
BAU2,Ortiz Group,0
BRU6,Jones LLC,0
RAP9,"Wyman, Tromp and Senger",0
TRI30,Ward and Sons,0
WAT30,Greenholt - Hahn,0
COM65,Cremin Inc,0
SBEVB,"Treutel, Thiel and Larkin",0
HEL6,Stracke - Breitenberg,0
MYF34,Thompson Group,0
BIL3,Homenick - McDermott,0
TCB1,Beier - Dicki,0
COO13,Rolfson Inc,0
BOC27,Grady - Rau,0
MUL7,"Gutkowski, O'Conner and Turner",0
RFI1,Farrell - Kessler,1
COU14,Schaefer Group,0
GGB1,Herzog and Sons,0
ITO1,Von - Wiegand,0
WIL12,"Fadel, Goyette and Walsh",0
7530,McLaughlin - Jast,0
COU15,Reynolds Group,0
LIO2,"Marvin, Zemlak and Schultz",0
BRA18,Ruecker - Dickens,0
THE69,Mayer - Hickle,0
CBS1,Swaniawski LLC,0
KUE35,"Schmidt, Berge and Dach",0
ast5,Macejkovic - Hamill,0
ADPALLET,"Donnelly, Bosco and Feeney",0
MON17,"Bartoletti, Purdy and Pfannerstill",0
MIL24,"Reinger, Borer and Orn",0
MAV1,Schaden and Sons,0
PRE31,Krajcik LLC,0
AXI10,Sauer and Sons,0
DIX2,Torphy and Sons,0
ALL68,Muller - Crist,0
ASP4,Wyman - Beahan,0
BRI26,Weber - Emard,0
SYD13,"Wolf, Kozey and Tromp",0
REV17,Tremblay Group,0
SUN22,Gislason Group,0
BLA30,Schmitt and Sons,0
8395,"Brekke, Nolan and Ferry",0
LIN33,"Sporer, Krajcik and Kutch",0
AUS158,Wintheiser LLC,0
ELI20,Luettgen - Orn,0
TWO1,Champlin - Considine,0
HAI6,Effertz and Sons,0
PBA4,"Johns, Kassulke and Reinger",1
WIL21,Harber Inc,0
200000,Crooks - Konopelski,0
ALD6,Hilll LLC,0
309102,Kertzmann and Sons,0
SUN32,Breitenberg - Halvorson,0
3945,Okuneva Group,0
ENV15,Kautzer - Spinka,0
TMS105,Rogahn - Mueller,0
FAS13,Sipes - Roberts,0
HAI2,Baumbach - Hermann,0
SUP47,Okuneva Inc,0
SSW1,Schowalter - Kozey,0
WFD1,Huel - Brekke,0
INS10,"Rosenbaum, Kunze and Dicki",0
GWS1,O'Conner - Monahan,0
SCH40,Conroy Inc,1
GAR15,Altenwerth - Fisher,0
QROCC,Christiansen - Schiller,0
GAZ2,Shanahan LLC,0
MUD1,Durgan and Sons,0
MUL27,Metz LLC,0
KAL7,"Gerhold, Kshlerin and Dooley",0
HIL10,Kihn - Schimmel,0
MEC16,Bartoletti Inc,0
DAL9,Schowalter Inc,0
ETB1,Gerhold LLC,0
RIC8,"Prohaska, Wyman and Abbott",0
OME5,Blick - Bins,0
MIA1,Kessler Inc,0
IVO1,Marvin - Ritchie,0
DYN18,Haag and Sons,0
FAS17,"Grady, Heidenreich and Conn",0
NAT52,"Beer, Kassulke and Cummings",0
34029,"Christiansen, Tromp and Lesch",0
TMA1,Emard - Leannon,0
IND21,Paucek - Marquardt,0
TRU26,Feeney and Sons,0
3M1,Rowe Inc,0
CAM17,"Labadie, Predovic and Howell",0
WFD4,Kuphal Inc,0
THE73,Vandervort - Hoppe,0
COA11,Torphy - Schimmel,0
3422,Bahringer - Runte,0
TMS95,Schulist - Romaguera,0
705600,Schinner LLC,0
ALT100,Mueller - Zboncak,0
QHD1,Pfeffer and Sons,0
TOT17,Kuhic - D'Amore,0
FES1,Beier Inc,0
IMI3,Heidenreich and Sons,0
SCH38,"Kiehn, Boyle and Altenwerth",1
DYN15,Collier LLC,0
PIC4,Heathcote - Morissette,1
MET26,"Crist, Mills and Steuber",0
INF3,Macejkovic - Ritchie,0
LIT9,"Olson, Lesch and Huels",0
BOC81,Parker - Upton,0
KUE31,Sawayn - Block,1
ALB10,Willms and Sons,0
PER28,Donnelly - Doyle,0
WBAYC,"Collins, Dooley and Beahan",0
rav4,"Schowalter, Blick and Rosenbaum",0
CUR5,Turcotte Group,0
TMS35,Swift - Boehm,0
KRI4,Murazik - Stamm,0
1065,"Schumm, Hintz and Swaniawski",0
MEC14,Kshlerin - Ward,0
JTY1,Price LLC,0
SEN2,Goyette - Langworth,0
903300,Fisher - Ankunding,0
CRO20,"Lynch, Block and Friesen",0
LAR2,Kerluke Inc,1
AQU15,"Marks, Green and Grimes",0
NSMIB,"Corkery, Schuster and Wunsch",0
CLA11,Vandervort Group,0
BLZ1,Franecki Inc,0
SAM11,Torphy LLC,0
COM63,Glover and Sons,1
UNI40,Marquardt LLC,0
ORO4,"Little, Runolfsson and Lynch",0
TMS115,Rogahn - Schmeler,0
CAS12,Rowe Group,0
DRA4,Gibson - Cruickshank,0
6943,"Lang, Paucek and Towne",0
MYF8,"Bahringer, Bergnaum and Yundt",0
DEB2,Sipes LLC,0
YAM8,Collier - Schneider,0
HIG6,Kessler Group,0
515101,"Senger, Glover and Ratke",0
BRA45,"Stark, Harvey and Tremblay",0
tor2,Marquardt - Welch,0
SOU62,Kirlin Group,0
TLS7,Gaylord - Kunze,0
TMS59,"Little, Willms and Zemlak",0
OZT3,Gislason - Reinger,0
BRI42,Johns - Sawayn,0
620000,"Weissnat, Conn and Hills",0
208301,"Hermiston, Hamill and Dibbert",0
FRE49,Connelly - Gislason,0
ONE10,Borer - Tremblay,0
PAC26,King - Schmeler,0
IPS1,Glover Group,0
KUE11,"Bashirian, Heidenreich and Schmeler",1
KUE18,"Johnston, Swaniawski and Davis",1
SYD15,Yundt LLC,0
NOC2,"Reinger, Prosacco and Koepp",0
TMS84,McGlynn - Dare,0
CIG1,"Cartwright, Williamson and Kessler",0
ALN1,"Spencer, Bruen and Daugherty",1
MIL20,"Frami, Abernathy and Botsford",0
KUE30,Zieme - Rolfson,1
HOS4,Fadel Inc,0
CRI8,"Thiel, Dach and Toy",0
KIN18,"Batz, Shields and Reichert",0
WBAYB,"Stroman, Corkery and Bins",0
MAX13,Ritchie - Hand,0
LUP1,Boyer - Simonis,0
SAL16,Mraz Group,0
BRU4,Gutmann - Monahan,0
OUT5,Wolff - Romaguera,0
LEI4,Mraz - Parker,0
DON4,Ondricka Group,0