SenderLocationID,SenderSuburb,SenderState,SenderPostcode,SenderResidentialAddress
7051,MOOREBANK,NSW,2170,1
10880,KINGS PARK,NSW,2148,1
446,REGENTS PARK,NSW,2143,1
16119,TUGGERAH,NSW,2259,1
10,MELBOURNE AIRPORT,VIC,3045,1
2503,CHESTER HILL,NSW,2162,1
379429,BERESFIELD,NSW,2322,1
7046,SEVEN HILLS,NSW,2147,1
114176,WILSONTON,QLD,4350,1
774979,PERTH,WA,6000,1
11050,RICHLANDS,QLD,4077,1
41850,NOTTING HILL,VIC,3168,1
22,BELL PARK,VIC,3215,1
20,SALISBURY SOUTH,SA,5106,1
15097,WELSHPOOL,WA,6106,1
15093,CASUARINA,NT,810,1
15005,LONSDALE,SA,5160,1
661130,MATRAVILLE,NSW,2036,1
8116,SCORESBY,VIC,3179,1
16179,EDINBURGH,SA,5111,1
8454,UNDERWOOD,QLD,4119,1
2997,PRESTON,VIC,3072,1
15793,KINGS PARK,NSW,2148,1
15581,SALISBURY SOUTH,SA,5106,0
831110,WYONG,NSW,2259,1
2096,DANDENONG SOUTH,VIC,3175,1
8535,SCORESBY,VIC,3179,1
9,WETHERILL PARK,NSW,2164,1
11726,DUDLEY PARK,SA,5008,1
547669,RIVERSTONE,NSW,2765,1
3,UNDERWOOD,QLD,4119,1
14211,WINGFIELD,SA,5013,1
7398,ARCHERFIELD,QLD,4108,1
113389,ABBOTSFORD,NSW,2046,0
688,WANGARATTA,VIC,3677,1
15986,CASTLE HILL,NSW,2154,1
15166,EAGLE FARM,QLD,4009,1
9746,SMITHFIELD,NSW,2164,1
15692,MODBURY,SA,5092,1
12716,NOARLUNGA CENTRE,SA,5168,1
3208,KAWANA,QLD,4701,1
28534,WODONGA,VIC,3690,1
675,SOUTH ALBURY,NSW,2640,1
15943,BRENDALE,QLD,4500,1
5554,DANDENONG SOUTH,VIC,3175,1
8290,COORPAROO,QLD,4151,1
1,WELSHPOOL,WA,6106,1
245577,PINKENBA,QLD,4008,1
27900,HAMILTON,NSW,2303,1
773771,WINGFIELD,SA,5013,1
471721,RESERVOIR,VIC,3073,1
12402,BAYSWATER,WA,6053,1
38375,WINGFIELD,SA,5013,1
15168,ROYAL PARK,SA,5014,1
5,DANDENONG SOUTH,VIC,3175,1
658,DANDENONG SOUTH,VIC,3175,1
57621,HAMPTON,VIC,3188,1
15677,DANDENONG SOUTH,VIC,3175,1
1648,WEST GOSFORD,NSW,2250,1
14981,BELL PARK,VIC,3215,1
160044,NORTHBRIDGE,NSW,2063,1
15,CAMERON PARK,NSW,2285,1
159969,BERESFIELD,NSW,2322,1
182454,SOUTH MORANG,VIC,3752,0
517209,WODONGA,VIC,3690,1
774892,MOORABBIN,VIC,3189,1
4922,STAPYLTON,QLD,4207,1
2418,BEECHWORTH,VIC,3747,1
15282,CASTLE HILL,NSW,2154,1
20029,POINT COOK,VIC,3030,1
774780,BOWEN HILLS,QLD,4006,1
6544,SOUTH GRANVILLE,NSW,2142,1
6883,DARRA,QLD,4076,1
1647,DANDENONG,VIC,3175,1
15284,DELACOMBE,VIC,3356,0
15381,NAIRNE,SA,5252,1
13161,MURARRIE,QLD,4172,1
1093483,WELSHPOOL,WA,6106,1
1092684,CORIO,VIC,3214,1
380014,DANDENONG SOUTH,VIC,3175,1
7039,KESWICK TERMINAL,SA,5035,1
14193,HALLAM,VIC,3803,1
775975,TUGGERAH,NSW,2259,1
7045,BELMONT,WA,6104,1
15584,PORT MACQUARIE,NSW,2444,1
775219,ARUNDEL,QLD,4214,1
755,DERRIMUT,VIC,3026,1
38450,RICHMOND,SA,5033,1
628739,DANDENONG SOUTH,VIC,3175,1
15480,MILE END SOUTH,SA,5031,0
15804,MASCOT,NSW,2020,1
56288,MELBOURNE AIRPORT,VIC,3045,1
309,NORTH ALBURY,NSW,2640,1
777643,GREEN FIELDS,SA,5107,1
16255,BRENDALE,QLD,4500,1
15220,BOWEN HILLS,QLD,4006,1
3201,GARBUTT,QLD,4814,1
159898,DARLEY,VIC,3340,0
16156,DANDENONG SOUTH,VIC,3175,1
15169,WEST PERTH,WA,6005,1
348429,CARRUM DOWNS,VIC,3201,1
26585,HAMILTON EAST,NSW,2303,1
6,FYSHWICK,ACT,2609,1
234383,MANSFIELD,VIC,3722,0
15552,ROCKLEA,QLD,4106,1
152754,HAWTHORN EAST,VIC,3123,1
2484,WETHERILL PARK,NSW,2164,1
8448,ARNDELL PARK,NSW,2148,1
6015,CLAYTON SOUTH,VIC,3169,1
15473,OAKLANDS PARK,SA,5046,1
547306,PEAKHURST,NSW,2210,1
1256201,Wendouree,VIC,3355,1
28232,PORT MELBOURNE,VIC,3207,1
33873,MELBOURNE,VIC,3000,1
782563,FYSHWICK,ACT,2609,1
260565,SURREY HILLS,VIC,3127,1
29235,REGENCY PARK,SA,5010,1
459672,HALLAM,VIC,3803,1
5950,GEPPS CROSS,SA,5094,1
775980,EAST ARM,NT,822,1
11924,GILLMAN,SA,5013,1
15902,THEBARTON,SA,5031,1
547313,LEONAY,NSW,2750,0
11193,PIALBA,QLD,4655,1
103362,THOMASTOWN,VIC,3074,1
81,HUNTINGWOOD,NSW,2148,1
15901,KEYSBOROUGH,VIC,3173,1
119282,SILVERWATER,NSW,2128,1
157527,DRY CREEK,SA,5094,1
13146,HECTORVILLE,SA,5073,1
86297,STAFFORD,QLD,4053,1
28403,HEIDELBERG WEST,VIC,3081,1
36612,DANDENONG SOUTH,VIC,3175,1
114109,SEAFORD HEIGHTS,SA,5169,0
15476,MELROSE PARK,SA,5039,1
26939,WELLAND,SA,5007,1
1942,BLACKTOWN,NSW,2148,1
16611,ALEXANDRIA,NSW,2015,1
29251,PERTH AIRPORT,WA,6105,1
19764,SHELLHARBOUR CITY CENTRE,NSW,2529,1
547314,KINGS PARK,NSW,2148,1
13144,WOODVILLE,SA,5011,0
15163,SOUTH MELBOURNE,VIC,3205,1
347828,CAMPBELLFIELD,VIC,3061,1
11837,DANDENONG SOUTH,VIC,3175,1
397951,BUNDOORA,VIC,3083,1
494462,BEECHWORTH,VIC,3747,1
15535,KEYSBOROUGH,VIC,3173,1
7494,ASCOT,WA,6104,0
14203,CANNING VALE,WA,6155,1
11999,ROSEBERY,NSW,2018,1
471,COBURG NORTH,VIC,3058,1
16137,MARION,SA,5043,1
547619,DANDENONG SOUTH,VIC,3175,1
5975,KEYSBOROUGH,VIC,3173,1
28657,GARBUTT,QLD,4814,1
288981,GREENWICH,NSW,2065,0
547673,SOUTH GLADSTONE,QLD,4680,1
38474,HINDMARSH,SA,5007,1
547246,RESERVOIR,VIC,3073,1
26565,PIALBA,QLD,4655,0
12623,CARRUM DOWNS,VIC,3201,1
26535,WETHERILL PARK,NSW,2164,1
13836,DANDENONG SOUTH,VIC,3175,1
5299,SMEATON GRANGE,NSW,2567,1
359341,MARSDEN PARK,NSW,2765,1
26203,WELSHPOOL,WA,6106,1
14644,WINTHROP,WA,6150,0
38027,DERRIMUT,VIC,3026,1
15624,HALLAM,VIC,3803,1
15379,OTTOWAY,SA,5013,1
13613,ROCKLEA,QLD,4106,1
509097,NUMULGI,NSW,2480,0
39706,AITKENVALE,QLD,4814,1
3186,EASTERN CREEK,NSW,2766,1
7867,EASTERN CREEK,NSW,2766,1
781709,ST MARYS,SA,5042,1
771648,GEPPS CROSS,SA,5094,1
547648,SUNSHINE BEACH,QLD,4567,1
322524,DUBBO,NSW,2830,0
15949,NARANGBA,QLD,4504,1
3210,WELSHPOOL,WA,6106,1
26183,OAKLEIGH SOUTH,VIC,3167,1
547072,BORONIA,VIC,3155,0
547658,MASCOT,NSW,2020,0
17602,BALCATTA,WA,6021,1
145723,CRESTMEAD,QLD,4132,0
11174,COOMERA,QLD,4209,1
3227,NORTH ALBURY,NSW,2640,1
15464,WEST LAKES,SA,5021,1
839063,YAGOONA,NSW,2199,1
547319,URRAWEEN,QLD,4655,1
778977,VIRGINIA,QLD,4014,1
287765,WARANGA SHORES,VIC,3612,0
547708,TOORADIN,VIC,3980,0
626016,CAMPSIE,NSW,2194,1
13988,PRESTON,VIC,3072,1
763,GEEBUNG,QLD,4034,1
255,REVESBY,NSW,2212,1
38472,HALLAM,VIC,3803,1
201662,OONOONBA,QLD,4811,1
3071,ATHOL PARK,SA,5012,1
204358,BRAESIDE,VIC,3195,1
38453,RICHMOND,SA,5033,1
36610,SOMERSBY,NSW,2250,1
12894,ALTONA NORTH,VIC,3025,1
12494,RICHMOND,VIC,3121,1
547209,BOX HILL,NSW,2765,1
5547,SMEATON GRANGE,NSW,2567,1
46507,THOMASTOWN,VIC,3074,1
776287,FYSHWICK,ACT,2609,1
6418,EPPING,VIC,3076,1
545701,LAVERTON NORTH,VIC,3026,1
547731,SMITHFIELD,NSW,2164,1
157548,SYDNEY,NSW,2000,1
440791,KENWICK,WA,6107,0
27698,GREENACRE,NSW,2190,1
6273,TOTTENHAM,VIC,3012,1
78578,WOOLLAHRA,NSW,2025,1
4882,MARLESTON,SA,5033,1
38034,TULLAMARINE,VIC,3043,1
182549,RIVERWOOD,NSW,2210,1
9822,MUDGEE,NSW,2850,0
284811,CARINGBAH,NSW,2229,1
159220,THORNLEIGH,NSW,2120,0
251558,SOUTH GRANVILLE,NSW,2142,1
26796,WETHERILL PARK,NSW,2164,1
1042859,SMITHFIELD,NSW,2164,1
27128,CHELTENHAM,VIC,3192,1
27119,THURINGOWA CENTRAL,QLD,4817,0
76932,TULLAMARINE,VIC,3043,1
19,SOUTH ALBURY,NSW,2640,1
158585,BARGO,NSW,2574,0
246686,TULLAMARINE,VIC,3043,1
296200,WEST BUSSELTON,WA,6280,0
116104,WILSONTON,QLD,4350,1
3213,EAGLE FARM,QLD,4009,1
123850,ELTHAM,VIC,3095,0
15582,COOPERS PLAINS,QLD,4108,1
790441,BRIDGETOWN,WA,6255,1
41406,BRAESIDE,VIC,3195,1
4947,LEN WATERS ESTATE,NSW,2171,1
7054,NERANG,QLD,4211,1
547728,KERANG,VIC,3579,0
92010,BAYSWATER,VIC,3153,1
774692,FAIRFIELD EAST,NSW,2165,1
327868,ILLAWONG,NSW,2234,0
15341,SYDNEY,NSW,2000,1
65280,MOOREBANK,NSW,2170,1
14372,GNANGARA,WA,6077,1
8137,ROSEBERY,NSW,2018,1
38897,BARNAWARTHA NORTH,VIC,3691,1
314798,BERALA,NSW,2141,0
118424,GEPPS CROSS,SA,5094,1
157703,CRAIGMORE,SA,5114,1
15689,QUAKERS HILL,NSW,2763,0
309811,CHELTENHAM,VIC,3192,1
25862,BELROSE,NSW,2085,1
3225,CARDIFF,NSW,2285,1
22912,MEDOWIE,NSW,2318,1
34498,FOOTSCRAY,VIC,3011,1
547740,RENMARK WEST,SA,5341,0
84295,WALLAN,VIC,3756,0
116066,BANGHOLME,VIC,3175,1
1500,ORCHARD HILLS,NSW,2748,1
14990,BALGOWLAH,NSW,2093,0
20048,BOWEN HILLS,QLD,4006,1
49681,PRESTON,VIC,3072,1
11721,ACACIA RIDGE,QLD,4110,1
3443,BOOVAL,QLD,4304,1
45949,FYSHWICK,ACT,2609,1
15931,YATALA,QLD,4207,1
8447,SALISBURY PLAIN,SA,5109,1
2980,PRESTONS,NSW,2170,1
547549,BUNDOORA,VIC,3083,1
95651,WETHERILL PARK,NSW,2164,1
547583,MELBOURNE,VIC,3000,1
547706,COWES,VIC,3922,0
547638,REGENTS PARK,NSW,2143,1
9476,BROOKVALE,NSW,2100,1
128557,BREAKWATER,VIC,3219,1
1230665,Munno Para West,SA,5115,1
13270,TRUGANINA,VIC,3029,1
181818,KEW,VIC,3101,1
16050,CAVAN,SA,5094,1
15116,ASCOT VALE,VIC,3032,0
16258,BOTANY,NSW,2019,1
16204,GLENMORE PARK,NSW,2745,0
26090,ORMEAU,QLD,4208,1
14801,SOUTH GRANVILLE,NSW,2142,1
28719,NEWTON,SA,5074,1
38770,CHIPPING NORTON,NSW,2170,1
9676,POORAKA,SA,5095,1
14650,LONSDALE,SA,5160,1
58258,ALEXANDRIA,NSW,2015,1
7699,REGENTS PARK,NSW,2143,1
22468,RUTHERFORD,NSW,2320,1
8759,TUGGERAH,NSW,2259,1
756,SOUTH ALBURY,NSW,2640,1
31717,ROCKLEA,QLD,4106,1
15081,NORTH ROCKS,NSW,2151,0
15613,ROMA,QLD,4455,1
157,RUTHERFORD,NSW,2320,1
42980,SOUTH GRANVILLE,NSW,2142,1
547076,ARUNDEL,QLD,4214,1